Frame,Time,Head / localX,Head / localY,Head / localZ,Head / localDistChanged,Head / local ThetaX,Head / local ThetaY,Head / local ThetaZ,Right Arm / localX,Right Arm / localY,Right Arm / localZ,Right Arm / localDistChanged,Right Arm / local ThetaX,Right Arm / local ThetaY,Right Arm / local ThetaZ,Left Arm / localX,Left Arm / localY,Left Arm / localZ,Left Arm / localDistChanged,Left Arm / local ThetaX,Left Arm / local ThetaY,Left Arm / local ThetaZ
Frame 0,00:00:00:000000:0f,0.0,0.0,0.0,0.0,0.0,0.0,0.0,0.0,0.0,0.0,0.0,0.0,0.0,0.0,0.0,0.0,0.0,0.0,0.0,0.0,0.0
Frame 1,00:00:00:041666:1f,0.0,0.0,0.0,0.0,0.0,0.02713528,0.0,0.0,0.0,0.0,0.0,0.0,0.0,0.0,0.0,0.0,0.0,0.0,0.0,0.0,0.0
Frame 2,00:00:00:083333:2f,0.0,0.0,0.0,0.0,0.0,0.10707432,0.0,0.0,0.0,0.0,0.0,0.0,0.0,0.0,0.0,0.0,0.0,0.0,0.0,0.0,0.0
Frame 3,00:00:00:125000:3f,0.0,0.0,0.0,0.0,0.0,0.2376167,0.0,0.0,0.0,0.0,0.0,0.0,0.0,0.0,0.0,0.0,0.0,0.0,0.0,0.0,0.0
Frame 4,00:00:00:166666:4f,0.0,0.0,0.0,0.0,0.0,0.41656141,0.0,0.0,0.0,0.0,0.0,0.0,0.0,0.0,0.0,0.0,0.0,0.0,0.0,0.0,0.0
Frame 5,00:00:00:208333:5f,0.0,0.0,0.0,0.0,0.0,0.64170609,0.0,0.0,0.0,0.0,0.0,0.0,0.0,0.0,0.0,0.0,0.0,0.0,0.0,0.0,0.0
Frame 6,00:00:00:250000:6f,0.0,0.0,0.0,0.0,0.0,0.91084617,0.0,0.0,0.0,0.0,0.0,0.0,0.0,0.0,0.0,0.0,0.0,0.0,0.0,0.0,0.0
Frame 7,00:00:00:291666:7f,0.0,0.0,0.0,0.0,0.0,1.22177452,0.0,0.0,0.0,0.0,0.0,0.0,0.0,0.0,0.0,0.0,0.0,0.0,0.0,0.0,0.0
Frame 8,00:00:00:333333:8f,0.0,0.0,0.0,0.0,0.0,1.57228105,0.0,0.0,0.0,0.0,0.0,0.0,0.0,0.0,0.0,0.0,0.0,0.0,0.0,0.0,0.0
Frame 9,00:00:00:375000:9f,0.0,0.0,0.0,0.0,0.0,1.96014945,0.0,0.0,0.0,0.0,0.0,0.0,0.0,0.0,0.0,0.0,0.0,0.0,0.0,0.0,0.0
Frame 10,00:00:00:416666:10f,0.0,0.0,0.0,0.0,0.0,2.383161,0.0,0.0,0.0,0.0,0.0,0.0,0.0,0.0,0.0,0.0,0.0,0.0,0.0,0.0,0.0
Frame 11,00:00:00:458333:11f,0.0,0.0,0.0,0.0,0.0,2.83908936,0.0,0.0,0.0,0.0,0.0,0.0,0.0,0.0,0.0,0.0,0.0,0.0,0.0,0.0,0.0
Frame 12,00:00:00:500000:12f,0.0,0.0,0.0,0.0,0.0,3.32570512,0.0,0.0,0.0,0.0,0.0,0.0,0.0,0.0,0.0,0.0,0.0,0.0,0.0,0.0,0.0
Frame 13,00:00:00:541666:13f,0.0,0.0,0.0,0.0,0.0,3.84077033,0.0,0.0,0.0,0.0,0.0,0.0,0.0,0.0,0.0,0.0,0.0,0.0,0.0,0.0,0.0
Frame 14,00:00:00:583333:14f,0.0,0.0,0.0,0.0,0.0,4.38204403,0.0,0.0,0.0,0.0,0.0,0.0,0.0,0.0,0.0,0.0,0.0,0.0,0.0,0.0,0.0
Frame 15,00:00:00:625000:15f,0.0,0.0,0.0,0.0,0.0,4.94727933,0.0,0.0,0.0,0.0,0.0,0.0,0.0,0.0,0.0,0.0,0.0,0.0,0.0,0.0,0.0
Frame 16,00:00:00:666666:16f,0.0,0.0,0.0,0.0,0.0,5.5342248,0.0,0.0,0.0,0.0,0.0,0.0,0.0,0.0,0.0,0.0,0.0,0.0,0.0,0.0,0.0
Frame 17,00:00:00:708333:17f,0.0,0.0,0.0,0.0,0.0,6.14062223,0.0,0.0,0.0,0.0,0.0,0.0,0.0,0.0,0.0,0.0,0.0,0.0,0.0,0.0,0.0
Frame 18,00:00:00:750000:18f,0.0,0.0,0.0,0.0,0.0,6.7642185,0.0,0.0,0.0,0.0,0.0,0.0,0.0,0.0,0.0,0.0,0.0,0.0,0.0,0.0,0.0
Frame 19,00:00:00:791666:19f,0.0,0.0,0.0,0.0,0.0,7.40274941,0.0,0.0,0.0,0.0,0.0,0.0,0.0,0.0,0.0,0.0,0.0,0.0,0.0,0.0,0.0
Frame 20,00:00:00:833333:20f,0.0,0.0,0.0,0.0,0.0,8.05395757,0.0,0.0,0.0,0.0,0.0,0.0,0.0,0.0,0.0,0.0,0.0,0.0,0.0,0.0,0.0
Frame 21,00:00:00:875000:21f,0.0,0.0,0.0,0.0,0.0,8.71557922,0.0,0.0,0.0,0.0,0.0,0.0,0.0,0.0,0.0,0.0,0.0,0.0,0.0,0.0,0.0
Frame 22,00:00:00:916666:22f,0.0,0.0,0.0,0.0,0.0,9.38536293,0.0,0.0,0.0,0.0,0.0,0.0,0.0,0.0,0.0,0.0,0.0,0.0,0.0,0.0,0.0
Frame 23,00:00:00:958333:23f,0.0,0.0,0.0,0.0,0.0,10.06105733,0.0,0.0,0.0,0.0,0.0,0.0,0.0,0.0,0.0,0.0,0.0,0.0,0.0,0.0,0.0
Frame 24,00:00:01:000000:24f,0.0,0.0,0.0,0.0,0.0,10.74041099,0.0,0.0,0.0,0.0,0.0,0.0,0.0,0.0,0.0,0.0,0.0,0.0,0.0,0.0,0.0
Frame 25,00:00:01:041666:25f,0.0,0.0,0.0,0.0,0.0,11.42118705,0.0,0.0,0.0,0.0,0.0,0.0,0.0,0.0,0.0,0.0,0.0,0.0,0.0,0.0,0.0
Frame 26,00:00:01:083333:26f,0.0,0.0,0.0,0.0,0.0,12.10115287,0.0,0.0,0.0,0.0,0.0,0.0,0.0,0.0,0.0,0.0,0.0,0.0,0.0,0.0,0.0
Frame 27,00:00:01:125000:27f,0.0,0.0,0.0,0.0,0.0,12.77809206,0.0,0.0,0.0,0.0,0.0,0.0,0.0,0.0,0.0,0.0,0.0,0.0,0.0,0.0,0.0
Frame 28,00:00:01:166666:28f,0.0,0.0,0.0,0.0,0.0,13.44979592,0.0,0.0,0.0,0.0,0.0,0.0,0.0,0.0,0.0,0.0,0.0,0.0,0.0,0.0,0.0
Frame 29,00:00:01:208333:29f,0.0,0.0,0.0,0.0,0.0,14.11407536,0.0,0.0,0.0,0.0,0.0,0.0,0.0,0.0,0.0,0.0,0.0,0.0,0.0,0.0,0.0
Frame 30,00:00:01:250000:30f,0.0,0.0,0.0,0.0,0.0,14.76874558,0.0,0.0,0.0,0.0,0.0,0.0,0.0,0.0,0.0,0.0,0.0,0.0,0.0,0.0,0.0
Frame 31,00:00:01:291666:31f,0.0,0.0,0.0,0.0,0.0,15.41164396,0.0,0.0,0.0,0.0,0.0,0.0,0.0,0.0,0.0,0.0,0.0,0.0,0.0,0.0,0.0
Frame 32,00:00:01:333333:32f,0.0,0.0,0.0,0.0,0.0,16.04062584,0.0,0.0,0.0,0.0,0.0,0.0,0.0,0.0,0.0,0.0,0.0,0.0,0.0,0.0,0.0
Frame 33,00:00:01:375000:33f,0.0,0.0,0.0,0.0,0.0,16.65355847,0.0,0.0,0.0,0.0,0.0,0.0,0.0,0.0,0.0,0.0,0.0,0.0,0.0,0.0,0.0
Frame 34,00:00:01:416666:34f,0.0,0.0,0.0,0.0,0.0,17.24832793,0.0,0.0,0.0,0.0,0.0,0.0,0.0,0.0,0.0,0.0,0.0,0.0,0.0,0.0,0.0
Frame 35,00:00:01:458333:35f,0.0,0.0,0.0,0.0,0.0,17.82283393,0.0,0.0,0.0,0.0,0.0,0.0,0.0,0.0,0.0,0.0,0.0,0.0,0.0,0.0,0.0
Frame 36,00:00:01:500000:36f,0.0,0.0,0.0,0.0,0.0,18.37500008,0.0,0.0,0.0,0.0,0.0,0.0,0.0,0.0,0.0,0.0,0.0,0.0,0.0,0.0,0.0
Frame 37,00:00:01:541666:37f,0.0,0.0,0.0,0.0,0.0,18.90275684,0.0,0.0,0.0,0.0,0.0,0.0,0.0,0.0,0.0,0.0,0.0,0.0,0.0,0.0,0.0
Frame 38,00:00:01:583333:38f,0.0,0.0,0.0,0.0,0.0,19.40405687,0.0,0.0,0.0,0.0,0.0,0.0,0.0,0.0,0.0,0.0,0.0,0.0,0.0,0.0,0.0
Frame 39,00:00:01:625000:39f,0.0,0.0,0.0,0.0,0.0,19.87685793,0.0,0.0,0.0,0.0,0.0,0.0,0.0,0.0,0.0,0.0,0.0,0.0,0.0,0.0,0.0
Frame 40,00:00:01:666666:40f,0.0,0.0,0.0,0.0,0.0,20.31913659,0.0,0.0,0.0,0.0,0.0,0.0,0.0,0.0,0.0,0.0,0.0,0.0,0.0,0.0,0.0
Frame 41,00:00:01:708333:41f,0.0,0.0,0.0,0.0,0.0,20.72887451,0.0,0.0,0.0,0.0,0.0,0.0,0.0,0.0,0.0,0.0,0.0,0.0,0.0,0.0,0.0
Frame 42,00:00:01:750000:42f,0.0,0.0,0.0,0.0,0.0,21.10404314,0.0,0.0,0.0,0.0,0.0,0.0,0.30033603,0.0,0.0,0.0,0.0,0.0,0.0,0.0,0.0
Frame 43,00:00:01:791666:43f,0.0,0.0,0.0,0.0,0.0,21.44266343,0.0,0.0,0.0,0.0,0.0,0.0,1.18958384,0.0,0.0,0.0,0.0,0.0,0.0,0.0,0.0
Frame 44,00:00:01:833333:44f,0.0,0.0,0.0,0.0,0.0,21.74270852,0.0,0.0,0.0,0.0,0.0,0.0,2.64981713,0.0,0.0,0.0,0.0,0.0,0.0,0.0,0.0
Frame 45,00:00:01:875000:45f,0.0,0.0,0.0,0.0,0.0,22.00216692,0.0,0.0,0.0,0.0,0.0,0.0,4.6621693,0.0,0.0,0.0,0.0,0.0,0.0,0.0,0.0
Frame 46,00:00:01:916666:46f,0.0,0.0,0.0,0.0,0.0,22.2190425,0.0,0.0,0.0,0.0,0.0,0.0,7.20589482,0.0,0.0,0.0,0.0,0.0,0.0,0.0,0.0
Frame 47,00:00:01:958333:47f,0.0,0.0,0.0,0.0,0.0,22.39129304,0.0,0.0,0.0,0.0,0.0,0.0,10.25722036,0.0,0.0,0.0,0.0,0.0,0.0,0.0,0.0
Frame 48,00:00:02:000000:48f,0.0,0.0,0.0,0.0,0.0,22.51688997,0.0,0.0,0.0,0.0,0.0,0.0,13.78811824,0.0,0.0,0.0,0.0,0.0,0.0,0.0,0.0
Frame 49,00:00:02:041666:49f,0.0,0.0,0.0,0.0,0.0,22.59376375,0.0,0.0,0.0,0.0,0.0,0.0,17.76515639,0.0,0.0,0.0,0.0,0.0,0.0,0.0,0.0
Frame 50,00:00:02:083333:50f,0.0,0.0,0.0,0.0,0.0,22.61986361,0.0,0.0,0.0,0.0,0.0,0.0,22.14856861,0.0,0.0,0.0,0.0,0.0,0.0,0.0,0.0
Frame 51,00:00:02:125000:51f,0.0,0.0,0.0,0.0,0.0,22.61986361,0.0,0.0,0.0,0.0,0.0,0.0,26.89178835,0.0,0.0,0.0,0.0,0.0,0.0,0.0,0.0
Frame 52,00:00:02:166666:52f,0.0,0.0,0.0,0.0,0.0,22.61986361,0.0,0.0,0.0,0.0,0.0,0.0,31.94150942,0.0,0.0,0.0,0.0,0.0,0.0,0.0,0.0
Frame 53,00:00:02:208333:53f,0.0,0.0,0.0,0.0,0.0,22.61986361,0.0,0.0,0.0,0.0,0.0,0.0,37.23850554,0.0,0.0,0.0,0.0,0.0,0.0,0.0,0.0
Frame 54,00:00:02:250000:54f,0.0,0.0,0.0,0.0,0.0,22.61986361,0.0,0.0,0.0,0.0,0.0,0.0,42.71910056,0.0,0.0,0.0,0.0,0.0,0.0,0.0,0.0
Frame 55,00:00:02:291666:55f,0.0,0.0,0.0,0.0,0.0,22.61986361,0.0,0.0,0.0,0.0,0.0,0.0,48.3172602,0.0,0.0,0.0,0.0,0.0,0.0,0.0,0.0
Frame 56,00:00:02:333333:56f,0.0,0.0,0.0,0.0,0.0,22.61986361,0.0,0.0,0.0,0.0,0.0,0.0,53.96712097,0.0,0.0,0.0,0.0,0.0,0.0,0.0,0.0
Frame 57,00:00:02:375000:57f,0.0,0.0,0.0,0.0,0.0,22.61986361,0.0,0.0,0.0,0.0,0.0,0.0,59.60555824,0.0,0.0,0.0,0.0,0.0,0.0,0.0,0.0
Frame 58,00:00:02:416666:58f,0.0,0.0,0.0,0.0,0.0,22.61986361,0.0,0.0,0.0,0.0,0.0,0.0,65.17453249,0.0,0.0,0.0,0.0,0.0,0.0,0.0,0.0
Frame 59,00:00:02:458333:59f,0.0,0.0,0.0,0.0,0.0,22.61986361,0.0,0.0,0.0,0.0,0.0,0.0,70.62311782,0.0,0.0,0.0,0.0,0.0,0.0,0.0,0.0
Frame 60,00:00:02:500000:60f,0.0,0.0,0.0,0.0,0.0,22.61986361,0.0,0.0,0.0,0.0,0.0,0.0,75.90862556,0.0,0.0,0.0,0.0,0.0,0.0,0.0,0.0
Frame 61,00:00:02:541666:61f,0.0,0.0,0.0,0.0,0.0,22.61986361,0.0,0.0,0.0,0.0,0.0,0.0,80.99734872,0.0,0.0,0.0,0.0,0.0,0.0,0.0,0.0
Frame 62,00:00:02:583333:62f,0.0,0.0,0.0,0.0,0.0,22.61986361,0.0,0.0,0.0,0.0,0.0,0.0,85.86426832,0.0,0.0,0.0,0.0,0.0,0.0,0.0,0.0
Frame 63,00:00:02:625000:63f,0.0,0.0,0.0,0.0,0.0,22.61986361,0.0,0.0,0.0,0.0,0.0,0.0,90.49275967,0.0,0.0,0.0,0.0,0.0,0.0,0.0,0.0
Frame 64,00:00:02:666666:64f,0.0,0.0,0.0,0.0,0.0,22.61986361,0.0,0.0,0.0,0.0,0.0,0.0,94.87329466,0.0,0.0,0.0,0.0,0.0,0.0,0.0,0.0
Frame 65,00:00:02:708333:65f,0.0,0.0,0.0,0.0,0.0,22.61986361,0.0,0.0,0.0,0.0,0.0,0.0,99.00267677,0.0,0.0,0.0,0.0,0.0,0.0,0.0,0.0
Frame 66,00:00:02:750000:66f,0.0,0.0,0.0,0.0,0.0,22.61986361,0.0,0.0,0.0,0.0,0.0,0.0,102.88259305,0.0,0.0,0.0,0.0,0.0,0.0,0.0,0.0
Frame 67,00:00:02:791666:67f,0.0,0.0,0.0,0.0,0.0,22.61986361,0.0,0.0,0.0,0.0,0.0,0.0,106.51863059,0.0,0.0,0.0,0.0,0.0,0.0,0.0,0.0
Frame 68,00:00:02:833333:68f,0.0,0.0,0.0,0.0,0.0,22.61986361,0.0,0.0,0.0,0.0,0.0,0.0,109.9191154,0.0,0.0,0.0,0.0,0.0,0.0,0.0,0.0
Frame 69,00:00:02:875000:69f,0.0,0.0,0.0,0.0,0.0,22.61986361,0.0,0.0,0.0,0.0,0.0,0.0,113.09445669,0.0,0.0,0.0,0.0,0.0,0.0,0.0,0.0
Frame 70,00:00:02:916666:70f,0.0,0.0,0.0,0.0,0.0,22.61986361,0.0,0.0,0.0,0.0,0.0,0.0,116.05612916,0.0,0.0,0.0,0.0,0.0,0.0,0.0,0.0
Frame 71,00:00:02:958333:71f,0.0,0.0,0.0,0.0,0.0,22.61986361,0.0,0.0,0.0,0.0,0.0,0.0,118.81641351,0.0,0.0,0.0,0.0,0.0,0.0,0.0,0.0
Frame 72,00:00:03:000000:72f,0.0,0.0,0.0,0.0,0.0,22.61986361,0.0,0.0,0.0,0.0,0.0,0.0,121.38773385,0.0,0.0,0.0,0.0,0.0,0.0,0.0,0.0
Frame 73,00:00:03:041666:73f,0.0,0.0,0.0,0.0,0.0,22.61986361,0.0,0.0,0.0,0.0,0.0,0.0,123.78232987,0.0,0.0,0.0,0.0,0.0,0.0,0.0,0.0
Frame 74,00:00:03:083333:74f,0.0,0.0,0.0,0.0,0.0,22.61986361,0.0,0.0,0.0,0.0,0.0,0.0,126.01226369,0.0,0.0,0.0,0.0,0.0,0.0,0.0,0.0
Frame 75,00:00:03:125000:75f,0.0,0.0,0.0,0.0,0.0,22.61986361,0.0,0.0,0.0,0.0,0.0,0.0,128.08899637,0.0,0.0,0.0,0.0,0.0,0.0,0.0,0.0
Frame 76,00:00:03:166666:76f,0.0,0.0,0.0,0.0,0.0,22.61986361,0.0,0.0,0.0,0.0,0.0,0.0,130.02337424,0.0,0.0,0.0,0.0,0.0,0.0,0.0,0.0
Frame 77,00:00:03:208333:77f,0.0,0.0,0.0,0.0,0.0,22.61986361,0.0,0.0,0.0,0.0,0.0,0.0,131.82562894,0.0,0.0,0.0,0.0,0.0,0.0,0.0,0.0
Frame 78,00:00:03:250000:78f,0.0,0.0,0.0,0.0,0.0,22.61986361,0.0,0.0,0.0,0.0,0.0,0.0,133.50532272,0.0,0.0,0.0,0.0,0.0,0.0,0.0,0.0
Frame 79,00:00:03:291666:79f,0.0,0.0,0.0,0.0,0.0,22.61986361,0.0,0.0,0.0,0.0,0.0,0.0,135.07130751,0.0,0.0,0.0,0.0,0.0,0.0,0.0,0.0
Frame 80,00:00:03:333333:80f,0.0,0.0,0.0,0.0,0.0,22.61986361,0.0,0.0,0.0,0.0,0.0,0.0,136.53176588,0.0,0.0,0.0,0.0,0.0,0.0,0.0,0.0
Frame 81,00:00:03:375000:81f,0.0,0.0,0.0,0.0,0.0,22.61986361,0.0,0.0,0.0,0.0,0.0,0.0,137.8942247,0.0,0.0,0.0,0.0,0.0,0.0,0.0,0.0
Frame 82,00:00:03:416666:82f,0.0,0.0,0.0,0.0,0.0,22.61986361,0.0,0.0,0.0,0.0,0.0,0.0,139.16567807,0.0,0.0,0.0,0.0,0.0,0.0,0.0,0.0
Frame 83,00:00:03:458333:83f,0.0,0.0,0.0,0.0,0.0,22.61986361,0.0,0.0,0.0,0.0,0.0,0.0,140.35247808,0.0,0.0,0.0,0.0,0.0,0.0,0.0,0.0
Frame 84,00:00:03:500000:84f,0.0,0.0,0.0,0.0,0.0,22.61986361,0.0,0.0,0.0,0.0,0.0,0.0,141.46040306,0.0,0.0,0.0,0.0,0.0,0.0,0.0,0.0
Frame 85,00:00:03:541666:85f,0.0,0.0,0.0,0.0,0.0,22.61986361,0.0,0.0,0.0,0.0,0.0,0.0,142.49483521,0.0,0.0,0.0,0.0,0.0,0.0,0.0,0.0
Frame 86,00:00:03:583333:86f,0.0,0.0,0.0,0.0,0.0,22.61986361,0.0,0.0,0.0,0.0,0.0,0.0,143.46065128,0.0,0.0,0.0,0.0,0.0,0.0,0.0,0.0
Frame 87,00:00:03:625000:87f,0.0,0.0,0.0,0.0,0.0,22.61986361,0.0,0.0,0.0,0.0,0.0,0.0,144.36222259,0.0,0.0,0.0,0.0,0.0,0.0,0.0,0.0
Frame 88,00:00:03:666666:88f,0.0,0.0,0.0,0.0,0.0,22.61986361,0.0,0.0,0.0,0.0,0.0,0.0,145.20367458,0.0,0.0,0.0,0.0,0.0,0.0,0.0,0.0
Frame 89,00:00:03:708333:89f,0.0,0.0,0.0,0.0,0.0,22.61986361,0.0,0.0,0.0,0.0,0.0,0.0,145.98866822,0.0,0.0,0.0,0.0,0.0,0.0,0.0,0.0
Frame 90,00:00:03:750000:90f,0.0,0.0,0.0,0.0,0.0,22.61986361,0.0,0.0,0.0,0.0,0.0,0.0,146.72057763,0.0,0.0,0.0,0.0,0.0,0.0,0.0,0.0
Frame 91,00:00:03:791666:91f,0.0,0.0,0.0,0.0,0.0,22.61986361,0.0,0.0,0.0,0.0,0.0,0.0,147.4024081,0.0,0.0,0.0,0.0,0.0,0.0,0.0,0.0
Frame 92,00:00:03:833333:92f,0.0,0.0,0.0,0.0,0.0,22.61986361,0.0,0.0,0.0,0.0,0.0,0.0,148.03693267,0.0,0.0,0.0,0.0,0.0,0.0,0.0,0.0
Frame 93,00:00:03:875000:93f,0.0,0.0,0.0,0.0,0.0,22.61986361,0.0,0.0,0.0,0.0,0.0,0.0,148.62661022,0.0,0.0,0.0,0.0,0.0,0.0,0.0,0.0
Frame 94,00:00:03:916666:94f,0.0,0.0,0.0,0.0,0.0,22.61986361,0.0,0.0,0.0,0.0,0.0,0.0,149.17373569,0.0,0.0,0.0,0.0,0.0,0.0,0.0,0.0
Frame 95,00:00:03:958333:95f,0.0,0.0,0.0,0.0,0.0,22.61986361,0.0,0.0,0.0,0.0,0.0,0.0,149.68034449,0.0,0.0,0.0,0.0,0.0,0.0,0.0,0.0
Frame 96,00:00:04:000000:96f,0.0,0.0,0.0,0.0,0.0,22.61986361,0.0,0.0,0.0,0.0,0.0,0.0,150.14819878,0.0,0.0,0.0,0.0,0.0,0.0,0.0,0.0
Frame 97,00:00:04:041666:97f,0.0,0.0,0.0,0.0,0.0,22.61986361,0.0,0.0,0.0,0.0,0.0,0.0,150.57892417,0.0,0.0,0.0,0.0,0.0,0.0,0.0,0.0
Frame 98,00:00:04:083333:98f,0.0,0.0,0.0,0.0,0.0,22.61986361,0.0,0.0,0.0,0.0,0.0,0.0,150.97395499,0.0,0.0,0.0,0.0,0.0,0.0,0.0,0.0
Frame 99,00:00:04:125000:99f,0.0,0.0,0.0,0.0,0.0,22.61986361,0.0,0.0,0.0,0.0,0.0,0.0,151.33449336,0.0,0.0,0.0,0.0,0.0,0.0,0.0,0.0
Frame 100,00:00:04:166666:100f,0.0,0.0,0.0,0.0,0.0,22.61986361,0.0,0.0,0.0,0.0,0.0,0.0,151.66167308,0.0,0.0,0.0,0.0,0.0,0.0,0.0,0.0
Frame 101,00:00:04:208333:101f,0.0,0.0,0.0,0.0,0.0,22.61986361,0.0,0.0,0.0,0.0,0.0,0.0,151.95628646,0.0,0.0,0.0,0.0,0.0,0.0,0.0,0.0
Frame 102,00:00:04:250000:102f,0.0,0.0,0.0,0.0,0.0,22.61986361,0.0,0.0,0.0,0.0,0.0,0.0,152.21918044,0.0,0.0,0.0,0.0,0.0,0.0,0.0,0.0
Frame 103,00:00:04:291666:103f,0.0,0.0,0.0,0.0,0.0,22.61986361,0.0,0.0,0.0,0.0,0.0,0.0,152.45090144,0.0,0.0,0.0,0.0,0.0,0.0,0.0,0.0
Frame 104,00:00:04:333333:104f,0.0,0.0,0.0,0.0,0.0,22.61986361,0.0,0.0,0.0,0.0,0.0,0.0,152.6518456,0.0,0.0,0.0,0.0,0.0,0.0,0.0,0.0
Frame 105,00:00:04:375000:105f,0.0,0.0,0.0,0.0,0.0,22.61986361,0.0,0.0,0.0,0.0,0.0,0.0,152.82235445,0.0,0.0,0.0,0.0,0.0,0.0,0.0,0.0
Frame 106,00:00:04:416666:106f,0.0,0.0,0.0,0.0,0.0,22.61986361,0.0,0.0,0.0,0.0,0.0,0.0,152.96244163,0.0,0.0,0.0,0.0,0.0,0.0,0.0,0.0
Frame 107,00:00:04:458333:107f,0.0,0.0,0.0,0.0,0.0,22.61986361,0.0,0.0,0.0,0.0,0.0,0.0,153.07209348,0.0,0.0,0.0,0.0,0.0,0.0,0.0,0.0
Frame 108,00:00:04:500000:108f,0.0,0.0,0.0,0.0,0.0,22.61986361,0.0,0.0,0.0,0.0,0.0,0.0,153.15102315,0.0,0.0,0.0,0.0,0.0,0.0,0.0,0.0
Frame 109,00:00:04:541666:109f,0.0,0.0,0.0,0.0,0.0,22.61986361,0.0,0.0,0.0,0.0,0.0,0.0,153.19887546,0.0,0.0,0.0,0.0,0.0,0.0,0.0,0.0
Frame 110,00:00:04:583333:110f,0.0,0.0,0.0,0.0,0.0,22.61986361,0.0,0.0,0.0,0.0,0.0,0.0,153.21498104,0.0,0.0,0.0,0.0,0.0,0.0,0.0,0.0
Frame 111,00:00:04:625000:111f,0.0,0.0,0.0,0.0,0.0,22.61986361,0.0,0.0,0.0,0.0,0.0,0.0,152.22105191,0.0,0.0,0.0,0.0,0.0,0.0,0.0,0.0
Frame 112,00:00:04:666666:112f,0.0,0.0,0.0,0.0,0.0,22.61986361,0.0,0.0,0.0,0.0,0.0,0.0,149.53204742,0.0,0.0,0.0,0.0,0.0,0.0,0.0,0.0
Frame 113,00:00:04:708333:113f,0.0,0.0,0.0,0.0,0.0,22.61986361,0.0,0.0,0.0,0.0,0.0,0.0,145.57516857,0.0,0.0,0.0,0.0,0.0,0.0,0.0,0.0
Frame 114,00:00:04:750000:114f,0.0,0.0,0.0,0.0,0.0,22.61986361,0.0,0.0,0.0,0.0,0.0,0.0,141.40561129,0.0,0.0,0.0,0.0,0.0,0.0,0.0,0.0
Frame 115,00:00:04:791666:115f,0.0,0.0,0.0,0.0,0.0,22.61986361,0.0,0.0,0.0,0.0,0.0,0.0,139.35372684,0.0,0.0,0.0,0.0,0.0,0.0,0.0,0.0
Frame 116,00:00:04:833333:116f,0.0,0.0,0.0,0.0,0.0,22.61986361,0.0,0.0,0.0,0.0,0.0,0.0,141.40561129,0.0,0.0,0.0,0.0,0.0,0.0,0.0,0.0
Frame 117,00:00:04:875000:117f,0.0,0.0,0.0,0.0,0.0,22.61986361,0.0,0.0,0.0,0.0,0.0,0.0,145.57515491,0.0,0.0,0.0,0.0,0.0,0.0,0.0,0.0
Frame 118,00:00:04:916666:118f,0.0,0.0,0.0,0.0,0.0,22.61986361,0.0,0.0,0.0,0.0,0.0,0.0,149.53200644,0.0,0.0,0.0,0.0,0.0,0.0,0.0,0.0
Frame 119,00:00:04:958333:119f,0.0,0.0,0.0,0.0,0.0,22.61986361,0.0,0.0,0.0,0.0,0.0,0.0,152.22105191,0.0,0.0,0.0,0.0,0.0,0.0,0.0,0.0
Frame 120,00:00:05:000000:120f,0.0,0.0,0.0,0.0,0.0,22.61986361,0.0,0.0,0.0,0.0,0.0,0.0,153.21498104,0.0,0.0,0.0,0.0,0.0,0.0,0.0,0.0
Frame 121,00:00:05:041666:121f,0.0,0.0,0.0,0.0,0.0,22.61986361,0.0,0.0,0.0,0.0,0.0,0.0,152.22105191,0.0,0.0,0.0,0.0,0.0,0.0,0.0,0.0
Frame 122,00:00:05:083333:122f,0.0,0.0,0.0,0.0,0.0,22.61986361,0.0,0.0,0.0,0.0,0.0,0.0,149.53200644,0.0,0.0,0.0,0.0,0.0,0.0,0.0,0.0
Frame 123,00:00:05:125000:123f,0.0,0.0,0.0,0.0,0.0,22.61986361,0.0,0.0,0.0,0.0,0.0,0.0,145.57516857,0.0,0.0,0.0,0.0,0.0,0.0,0.0,0.0
Frame 124,00:00:05:166666:124f,0.0,0.0,0.0,0.0,0.0,22.61986361,0.0,0.0,0.0,0.0,0.0,0.0,141.40562495,0.0,0.0,0.0,0.0,0.0,0.0,0.0,0.0
Frame 125,00:00:05:208333:125f,0.0,0.0,0.0,0.0,0.0,22.61986361,0.0,0.0,0.0,0.0,0.0,0.0,139.35372684,0.0,0.0,0.0,0.0,0.0,0.0,0.0,0.0
Frame 126,00:00:05:250000:126f,0.0,0.0,0.0,0.0,0.0,22.61986361,0.0,0.0,0.0,0.0,0.0,0.0,141.40562495,0.0,0.0,0.0,0.0,0.0,0.0,0.0,0.0
Frame 127,00:00:05:291666:127f,0.0,0.0,0.0,0.0,0.0,22.61986361,0.0,0.0,0.0,0.0,0.0,0.0,145.57515491,0.0,0.0,0.0,0.0,0.0,0.0,0.0,0.0
Frame 128,00:00:05:333333:128f,0.0,0.0,0.0,0.0,0.0,22.61986361,0.0,0.0,0.0,0.0,0.0,0.0,149.53204742,0.0,0.0,0.0,0.0,0.0,0.0,0.0,0.0
Frame 129,00:00:05:375000:129f,0.0,0.0,0.0,0.0,0.0,22.61986361,0.0,0.0,0.0,0.0,0.0,0.0,152.22106557,0.0,0.0,0.0,0.0,0.0,0.0,0.0,0.0
Frame 130,00:00:05:416666:130f,0.0,0.0,0.0,0.0,0.0,22.61986361,0.0,0.0,0.0,0.0,0.0,0.0,153.2149947,0.0,0.0,0.0,0.0,0.0,0.0,0.0,0.0
Frame 131,00:00:05:458333:131f,0.0,0.0,0.0,0.0,0.0,22.61986361,0.0,0.0,0.0,0.0,0.0,0.0,152.22106557,0.0,0.0,0.0,0.0,0.0,0.0,0.0,0.0
Frame 132,00:00:05:500000:132f,0.0,0.0,0.0,0.0,0.0,22.61986361,0.0,0.0,0.0,0.0,0.0,0.0,149.5320201,0.0,0.0,0.0,0.0,0.0,0.0,0.0,0.0
Frame 133,00:00:05:541666:133f,0.0,0.0,0.0,0.0,0.0,22.61986361,0.0,0.0,0.0,0.0,0.0,0.0,145.57514125,0.0,0.0,0.0,0.0,0.0,0.0,0.0,0.0
Frame 134,00:00:05:583333:134f,0.0,0.0,0.0,0.0,0.0,22.61986361,0.0,0.0,0.0,0.0,0.0,0.0,141.40559763,0.0,0.0,0.0,0.0,0.0,0.0,0.0,0.0
Frame 135,00:00:05:625000:135f,0.0,0.0,0.0,0.0,0.0,22.61986361,0.0,0.0,0.0,0.0,0.0,0.0,139.35372684,0.0,0.0,0.0,0.0,0.0,0.0,0.0,0.0
Frame 136,00:00:05:666666:136f,0.0,0.0,0.0,0.0,0.0,22.61986361,0.0,0.0,0.0,0.0,0.0,0.0,139.35372684,0.0,0.0,0.0,0.0,0.0,0.0,0.0,0.0
Frame 137,00:00:05:708333:137f,0.0,0.0,0.0,0.0,0.0,22.61986361,0.0,0.0,0.0,0.0,0.0,0.0,139.35372684,0.0,0.0,0.0,0.0,0.0,0.0,0.0,0.0
Frame 138,00:00:05:750000:138f,0.0,0.0,0.0,0.0,0.0,22.61986361,0.0,0.0,0.0,0.0,0.0,0.0,139.35372684,0.0,0.0,0.0,0.0,0.0,0.0,0.0,0.0
Frame 139,00:00:05:791666:139f,0.0,0.0,0.0,0.0,0.0,22.61986361,0.0,0.0,0.0,0.0,0.0,0.0,139.35372684,0.0,0.0,0.0,0.0,0.0,0.0,0.0,0.0
Frame 140,00:00:05:833333:140f,0.0,0.0,0.0,0.0,0.0,22.61986361,0.0,0.0,0.0,0.0,0.0,0.0,139.35372684,0.0,0.0,0.0,0.0,0.0,0.0,0.0,0.0
Frame 141,00:00:05:875000:141f,0.0,0.0,0.0,0.0,0.0,22.61986361,0.0,0.0,0.0,0.0,0.0,0.0,139.26388253,0.0,0.0,0.0,0.0,0.0,0.0,0.0,0.0
Frame 142,00:00:05:916666:142f,0.0,0.0,0.0,0.0,0.0,22.61986361,0.0,0.0,0.0,0.0,0.0,0.0,138.99910342,0.0,0.0,0.0,0.0,0.0,0.0,0.0,0.0
Frame 143,00:00:05:958333:143f,0.0,0.0,0.0,0.0,0.0,22.61986361,0.0,0.0,0.0,0.0,0.0,0.0,138.56371984,0.0,0.0,0.0,0.0,0.0,0.0,0.0,0.0
Frame 144,00:00:06:000000:144f,0.0,0.0,0.0,0.0,0.0,22.61986361,0.0,0.0,0.0,0.0,0.0,0.0,137.95840115,0.0,0.0,0.0,0.0,0.0,0.0,0.0,0.0
Frame 145,00:00:06:041666:145f,0.0,0.0,0.0,0.0,0.0,22.61986361,0.0,0.0,0.0,0.0,0.0,0.0,137.1807568,0.0,0.0,0.0,0.0,0.0,0.0,0.0,0.0
Frame 146,00:00:06:083333:146f,0.0,0.0,0.0,0.0,0.0,22.54802539,0.0,0.0,0.0,0.0,0.0,0.0,136.22528163,0.0,0.0,0.0,0.0,0.0,0.0,0.0,0.0
Frame 147,00:00:06:125000:147f,0.0,0.0,0.0,0.0,0.0,22.33895842,0.0,0.0,0.0,0.0,0.0,0.0,135.08354721,0.0,0.0,0.0,0.0,0.0,0.0,0.0,0.0
Frame 148,00:00:06:166666:148f,0.0,0.0,0.0,0.0,0.0,22.00217375,0.0,0.0,0.0,0.0,0.0,0.0,133.74410613,0.0,0.0,0.0,0.0,0.0,0.0,0.0,0.0
Frame 149,00:00:06:208333:149f,0.0,0.0,0.0,0.0,0.0,21.54706117,0.0,0.0,0.0,0.0,0.0,0.0,132.19239644,0.0,0.0,0.0,0.0,0.0,0.0,0.0,0.0
Frame 150,00:00:06:250000:150f,0.0,0.0,0.0,0.0,0.0,20.98295755,0.0,0.0,0.0,0.0,0.0,0.0,130.41057767,0.0,0.0,0.0,0.0,0.0,0.0,0.0,0.0
Frame 151,00:00:06:291666:151f,0.0,0.0,0.0,0.0,0.0,20.31913659,0.0,0.0,0.0,0.0,0.0,0.0,128.37732597,0.0,0.0,0.0,0.0,0.0,0.0,0.0,0.0
Frame 152,00:00:06:333333:152f,0.0,0.0,0.0,0.0,0.0,19.56492661,0.0,0.0,0.0,0.0,0.0,0.0,126.0675609,0.0,0.0,0.0,0.0,0.0,0.0,0.0,0.0
Frame 153,00:00:06:375000:153f,0.0,0.0,0.0,0.0,0.0,18.72967644,0.0,0.0,0.0,0.0,0.0,0.0,123.45239075,0.0,0.0,0.0,0.0,0.0,0.0,0.0,0.0
Frame 154,00:00:06:416666:154f,0.0,0.0,0.0,0.0,0.0,17.82283734,0.0,0.0,0.0,0.0,0.0,0.0,120.49897597,0.0,0.0,0.0,0.0,0.0,0.0,0.0,0.0
Frame 155,00:00:06:458333:155f,0.0,0.0,0.0,0.0,0.0,16.85393915,0.0,0.0,0.0,0.0,0.0,0.0,117.17058381,0.0,0.0,0.0,0.0,0.0,0.0,0.0,0.0
Frame 156,00:00:06:500000:156f,0.0,0.0,0.0,0.0,0.0,15.83264487,0.0,0.0,0.0,0.0,0.0,0.0,113.42735328,0.0,0.0,0.0,0.0,0.0,0.0,0.0,0.0
Frame 157,00:00:06:541666:157f,0.0,0.0,0.0,0.0,0.0,14.76874558,0.0,0.0,0.0,0.0,0.0,0.0,109.22708747,0.0,0.0,0.0,0.0,0.0,0.0,0.0,0.0
Frame 158,00:00:06:583333:158f,0.0,0.0,0.0,0.0,0.0,13.67216212,0.0,0.0,0.0,0.0,0.0,0.0,104.52751434,0.0,0.0,0.0,0.0,0.0,0.0,0.0,0.0
Frame 159,00:00:06:625000:159f,0.0,0.0,0.0,0.0,0.0,12.55291866,0.0,0.0,0.0,0.0,0.0,0.0,99.28933298,0.0,0.0,0.0,0.0,0.0,0.0,0.0,0.0
Frame 160,00:00:06:666666:160f,0.0,0.0,0.0,0.0,0.0,11.4211879,0.0,0.0,0.0,0.0,0.0,0.0,93.48122698,0.0,0.0,0.0,0.0,0.0,0.0,0.0,0.0
Frame 161,00:00:06:708333:161f,0.0,0.0,0.0,0.0,0.0,10.28721257,0.0,0.0,0.0,0.0,0.0,0.0,87.08647603,0.0,0.0,0.0,0.0,0.0,0.0,0.0,0.0
Frame 162,00:00:06:750000:162f,0.0,0.0,0.0,0.0,0.0,9.16134041,0.0,0.0,0.0,0.0,0.0,0.0,80.11175322,0.0,0.0,0.0,0.0,0.0,0.0,0.0,0.0
Frame 163,00:00:06:791666:163f,0.0,0.0,0.0,0.0,0.0,8.05395843,0.0,0.0,0.0,0.0,0.0,0.0,72.59649608,0.0,0.0,0.0,0.0,0.0,0.0,0.0,0.0
Frame 164,00:00:06:833333:164f,0.0,0.0,0.0,0.0,0.0,6.97551553,0.0,0.0,0.0,0.0,0.0,0.0,64.62223656,0.0,0.0,0.0,0.0,0.0,0.0,0.0,0.0
Frame 165,00:00:06:875000:165f,0.0,0.0,0.0,0.0,0.0,5.93646617,0.0,0.0,0.0,0.0,0.0,0.0,56.31825649,0.0,0.0,0.0,0.0,0.0,0.0,0.0,0.0
Frame 166,00:00:06:916666:166f,0.0,0.0,0.0,0.0,0.0,4.94728018,0.0,0.0,0.0,0.0,0.0,0.0,47.86102064,0.0,0.0,0.0,0.0,0.0,0.0,0.0,0.0
Frame 167,00:00:06:958333:167f,0.0,0.0,0.0,0.0,0.0,4.01839494,0.0,0.0,0.0,0.0,0.0,0.0,39.46570045,0.0,0.0,0.0,0.0,0.0,0.0,0.0,0.0
Frame 168,00:00:07:000000:168f,0.0,0.0,0.0,0.0,0.0,3.16022863,0.0,0.0,0.0,0.0,0.0,0.0,31.36949474,0.0,0.0,0.0,0.0,0.0,0.0,0.0,0.0
Frame 169,00:00:07:041666:169f,0.0,0.0,0.0,0.0,0.0,2.38315886,0.0,0.0,0.0,0.0,0.0,0.0,23.81133889,0.0,0.0,0.0,0.0,0.0,0.0,0.0,0.0
Frame 170,00:00:07:083333:170f,0.0,0.0,0.0,0.0,0.0,1.69752804,0.0,0.0,0.0,0.0,0.0,0.0,17.01253443,0.0,0.0,0.0,0.0,0.0,0.0,0.0,0.0
Frame 171,00:00:07:125000:171f,0.0,0.0,0.0,0.0,0.0,1.11362381,0.0,0.0,0.0,0.0,0.0,0.0,11.16419691,0.0,0.0,0.0,0.0,0.0,0.0,0.0,0.0
Frame 172,00:00:07:166666:172f,0.0,0.0,0.0,0.0,0.0,0.64170667,0.0,0.0,0.0,0.0,0.0,0.0,6.42298567,0.0,0.0,0.0,0.0,0.0,0.0,0.0,0.0
Frame 173,00:00:07:208333:173f,0.0,0.0,0.0,0.0,0.0,0.2919968,0.0,0.0,0.0,0.0,0.0,0.0,2.91476892,0.0,0.0,0.0,0.0,0.0,0.0,0.0,0.0
Frame 174,00:00:07:250000:174f,0.0,0.0,0.0,0.0,0.0,0.07469834,0.0,0.0,0.0,0.0,0.0,0.0,0.74333284,0.0,0.0,0.0,0.0,0.0,0.0,0.0,0.0
Frame 175,00:00:07:291666:175f,0.0,0.0,0.0,0.0,0.0,0.0,0.0,0.0,0.0,0.0,0.0,0.0,0.0,0.0,0.0,0.0,0.0,0.0,0.0,0.0,0.0
